wallet,tier,nft_balance,sbt_tickets,nft_tickets,tickets
0x0061d151577c2bf506e601b7642635a6565a3d3f,1,1,3,1,4
0x0077c2093fd8e6a6277b84c2627619b80a72472b,1,5,3,5,8
0x010475e36100b427bb4dbddb2c023124bebd5a38,1,0,3,0,3
0x01b86aeebcd1ff94ac1195cfc8fd9e39db24db45,1,5,3,5,8
0x01faf6dfc230d755141d84d7cb980dd68f5efe13,1,1,3,1,4
0x0245daf2e303bd4e47acb88c87913a047c9ad6c5,1,0,3,0,3
0x0253ba3af2fa2e5553bbb4575716379fff068557,1,13,3,13,16
0x047cb070ba6bd4445c635f9294566c1b2b08a252,1,1,3,1,4
0x052f67d7037ddbd53ae107596484f1cb86a26b4c,1,1,3,1,4
0x06046a4b4474ceb2dd43fcbd3f46688c33c46c64,1,3,3,3,6
0x0655d3e8139b83592bd8da979aa6ffc058830bea,1,1,3,1,4
0x070307e236f4ecdabe258e3f8f0173c29ed5862a,1,8,3,8,11
0x08b592fa610b43d90ba949a637dc15dc141f4b3a,1,7,3,7,10
0x094a2ed822bea563b622652fbd85f1b34749d02a,1,0,3,0,3
0x09748d883d8fead17bf6bacd7078a9659e66aa0b,1,2,3,2,5
0x09e48c3c1fdf2935933d66a716d01b48d19c5bc3,1,0,3,0,3
0x0a9643381b7a6fe41e693c4dd0e4cae57bb2bd69,1,1,3,1,4
0x0c2207ccd7a3cc54af31d9009bc29b9dba1b3bcd,1,1,3,1,4
0x0da745f2bd7655e4c70d6b02695ca772c8d2f69e,1,1,3,1,4
0x0dab237c9a052674fc91bcd804349a83d89d02ba,1,4,3,4,7
0x0fab0ae71e988948aaa1bed86bdb751cd89b6b4d,1,1,3,1,4
0x108541e5122a04e97a279d5a3df18e0d71f27e16,1,1,3,1,4
0x10beefd08d5093194d968af616008fecac847bcb,1,2,3,2,5
0x11839b17a6d034d96d9f05077cdc935f3db56fc8,1,1,3,1,4
0x12f2a9694c53c8274748d88ddf411260336f1515,1,1,3,1,4
0x13fad43cec2c57053c12ca4da10410638f9593df,1,3,3,3,6
0x14f2389b991810ae9e289177a3cefa659ebb952a,1,1,3,1,4
0x1593dcd54e5b5ae3974424325d4e802ee9533262,1,1,3,1,4
0x1616c359cc23d3dc1cf2086adf544cedcfb6883c,1,2,3,2,5
0x16ac300ece93ededb57286937eb91451ec65b967,1,0,3,0,3
0x16de92aaac3c5919559b97d33629d6a4d954526d,1,1,3,1,4
0x1751f7250e0bc37605ec6225e6f206027dbf384d,1,2,3,2,5
0x17cfd7f0df17ffca51800b8e28fd3b8252dd3208,1,0,3,0,3
0x18a698b167e61388eb9953f42b88c5d92f26dd82,1,1,3,1,4
0x18d5346216315667c51d69f346e3c768136f8018,1,49,3,49,52
0x19c88f6b5e5a274eace401b7699fd6b6f2d67a65,1,2,3,2,5
0x1a6dee61fe27f06cd14378e53be71679db3b62b4,1,0,3,0,3
0x1b00ea832ddcdfaf5cbefa73dc06af9f5e4416d1,1,2,3,2,5
0x1bb3ea2b525feee67271778336b8b9b813273d5e,1,20,3,20,23
0x1c440b4293ca7514349d0ecaed66b05d5474d575,1,1,3,1,4
0x1dab3ce0c753c6176d19471e3026a32f629cac79,1,25,3,25,28
0x1e0e220bc5e70f0e0dfd58b8c5f80c485a245785,1,4,3,4,7
0x1f42a95385786558b90ff5a3250625cfb510dc7b,1,2,3,2,5
0x2072d905d301143a561a154204b432441ef4bed1,1,1,3,1,4
0x2075e5ed7702dd03cf7cfe06c45277c89817b189,1,2,3,2,5
0x21fba5456cd1f1304642c25293dc58976fdc4059,1,1,3,1,4
0x251a11a49b45f9ee2320e9cfc978994830b93ded,1,1,3,1,4
0x27359c2df8a15a1d09d4a5c993148e1f4218ef58,1,2,3,2,5
0x29abbdea47c7919d5ecf5c8310abe3f7a860ec22,1,1,3,1,4
0x29c66f54fe449041555d510afd0c1657fb3624e4,1,1,3,1,4
0x2a16e31b4018fc313a275cd5105fe98156568fd3,1,1,3,1,4
0x2adce538e273c5128f49595b0a2addb4ae511dbf,1,3,3,3,6
0x2b038c93d14e889184e9a59ee8b997011c2673b0,1,1,3,1,4
0x2b6ed02f0310aa1c6621c4f0a4d6677776fd8842,1,2,3,2,5
0x2c0b7e9f1e5a76a205e6de9028d1d64cfd31fefa,1,4,3,4,7
0x2c413cdef230dfa63db44e573e1cab18795a5d6d,1,2,3,2,5
0x2cb9a32b616e0b4363ab4d681188e54d8850652d,1,1,3,1,4
0x2d4700d79fe17388d6832821142ad0b2d240f447,1,1,3,1,4
0x2dcae1d2edbec23dd7c7592df1348b58eb97bf91,1,7,3,7,10
0x2fb87b0d0dbb4ed8ed3325c5b891e7c9e889e038,1,1,3,1,4
0x3259682e80547b33a3f665e31279c0fba491e8e3,1,1,3,1,4
0x33c1cde57687b33388c4c9edf9904680140844c4,1,2,3,2,5
0x3496a0da043108ec81022ebecced3d0cf821a58d,1,3,3,3,6
0x349c87f2d822560223268f56dbbb65a0f635fd0e,1,1,3,1,4
0x352bcd3c7c0b031c2e17fc9ad60b201810cb3673,1,1,3,1,4
0x35e3a5f9a59a441f5b87416ed68eb99753e59171,1,3,3,3,6
0x35fb31f1ecc50e2fca559e53b6e7af2bddfe94cb,1,0,3,0,3
0x367907efb4f8aaaab11cd50dcbbde86d601573fa,1,1,3,1,4
0x37010cd3c9e6495be815b256c136f66f2883bc95,1,3,3,3,6
0x371bb5277de2a4b2a0ba976cd2e18fb1c4c6aebc,1,2,3,2,5
0x376263942eaed29ba55af8793f0091e1090aeaac,1,1,3,1,4
0x37eb46b5afe361f725fa9601797a7eae44b0bb18,1,1,3,1,4
0x38a404d2e859572fab457ad9adf3cd2d4781d718,1,1,3,1,4
0x38a69ebbfb26becb4a39154a176896086eef8622,1,1,3,1,4
0x3917aefd81cb3dd76a2f54d29084c675243b3351,1,1,3,1,4
0x39c06b54686b0540d6d57a254b976b1df4310df1,1,1,3,1,4
0x3a61654b224868f44743bf40a1f1ef1f7f4840d9,1,2,3,2,5
0x3a6de8266241991a94c1648e3bec79cc06f0f38f,1,1,3,1,4
0x3ad229857e446b9c4e101c9e81d23813174ae00f,1,1,3,1,4
0x3afa42d87d546bf899159d858af7a650719ddbc9,1,2,3,2,5
0x3b1311f0932a397999e4e0eff2bbb28b0718a274,1,1,3,1,4
0x3e3a901dfc227c2964bd9c4f6892cbaf96c49cb4,1,1,3,1,4
0x3ec9d4c7b85be897b5c9f18f35566ee644dccc4a,1,1,3,1,4
0x45adb237ce89381361c99c3861edb94479ad3b70,1,1,3,1,4
0x460ddb531bb3fd2a29bcfde90a9b7bf977e91875,1,2,3,2,5
0x462ead764f2367fe78109598c0e5bfb4c9d43b03,1,1,3,1,4
0x479eb982e6d5fbbf77f207184bafdee9aa8f01cb,1,10,3,10,13
0x485672c27fa30928349861e2b1b126a4a6d00ff3,1,1,3,1,4
0x490f165270163e904cdd677686acf86dc06790dd,1,2,3,2,5
0x4a0dee34b540795d5174ef07a464bb118a4242db,1,10,3,10,13
0x4cc79eff859d06fbe4d530d44ab03f9744283f50,1,0,3,0,3
0x4d8e49a2a89cdfa85d4ec02fac47b601ef495748,1,2,3,2,5
0x4e4aac9fe63d4ff50c8b09d79448a6a39baa97ef,1,8,3,8,11
0x4f2a7538a0f1d294348c8f25e8d223ff13b22918,1,1,3,1,4
0x4ff83c705cd9eba77f509138412810c60f06363a,1,2,3,2,5
0x51af05196fd5dde902262cd84075eb94ae559376,1,2,3,2,5
0x52081a6912cfa64968999fbeb31387446a49b207,1,13,3,13,16
0x521dc01d9d26806092c45225200a09aa6d8f4b2f,1,1,3,1,4
0x538f8763282a1a6dfcfc4c9024631d5e79f869ad,1,1,3,1,4
0x545ef910c6cbb97ee0df691c4a952f7d024d392b,1,5,3,5,8
0x54b03e5d5e01fd10969c912dd62a1061e96bd3d2,1,1,3,1,4
0x55095fc6ba14c8e473e62dbe87950bc59904625e,1,1,3,1,4
0x557758ec7fd3c7e8c1a6b5b42f15ac6b82891f18,1,2,3,2,5
0x558231b8eb83d5482d986335cef5aceb955e7f3e,1,0,3,0,3
0x55b7b045c65effcf61a01d7a8a979d2c258b7a29,1,2,3,2,5
0x5664251b374ad90bf466737692281df16b4c0a20,1,0,3,0,3
0x56e272cccf89be591f63d521200cf6f06fd8bbcf,1,3,3,3,6
0x573d4f8ef8c0adf4ac3a1f07462fce777f1bb2f3,1,2,3,2,5
0x57568540beaac9a78b353b1b12ad0d3b0719ed14,1,2,3,2,5
0x5a6632686fa13722c6a2e0a173db1f38dc4ac7ad,1,1,3,1,4
0x5ab59a28f190e0bdeb73ad880fa0f7b8a063fdd7,1,8,3,8,11
0x5b771eb0da5a5460cb6c1bc0084db0df8b789955,1,2,3,2,5
0x5c1400db3994a25be52787415074a50379f60f6f,1,2,3,2,5
0x5cac6e69e4fe2a29556ad91c94fe68259b663d85,1,1,3,1,4
0x5e4be30aeccb0c4f9811eb3876d0271ea826eb67,1,1,3,1,4
0x5f88648757873f178b69381384f2af43e55768df,1,1,3,1,4
0x60205bab990bf54c701f8850e56bc52446008930,1,1,3,1,4
0x607fe5375f3d891806d2e2268801894222fcd2cd,1,1,3,1,4
0x61c7e844fc5c310f8451902597c0452ec12cc31b,1,1,3,1,4
0x62591cc06ef5f43ce79a06f7eb2aec59ef5d2374,1,1,3,1,4
0x626d4fc50d24b44591a4d0526d6eea401a2258bd,1,0,3,0,3
0x6444420c915d7ab64bf32e814767c0f57536902a,1,0,3,0,3
0x649995f20d11f54188e865d8a4adcfde4692ecd1,1,10,3,10,13
0x65f057baae12390962df18b3dbd37e797802e6ee,1,0,3,0,3
0x66741dbe71473188d2beb7893f1dcc28ae9ceb6e,1,1,3,1,4
0x66b33369524586788bbac9508e6b7f6a7e960e8b,1,1,3,1,4
0x6786e67c18630156fd154f25ba6d662823d1307a,1,2,3,2,5
0x6790ddf40f7cb2cea83cd14a42d0b312252d1ffe,1,1,3,1,4
0x68227b00bcf55eaa0e3b11627ae5e19821a6538a,1,5,3,5,8
0x6a45168375ee0c08e8ede3e8ce083240c7bf6516,1,3,3,3,6
0x6a771a3f243e98d92bb8ffa1fe76c7c32a3eba9f,1,1,3,1,4
0x6d2cea496ba329a0ce2a8e58719fc162c3d82c04,1,16,3,16,19
0x6e1e4d3bcb1bb7c8f97b985a5f93c11c3808f4b4,1,2,3,2,5
0x6e65f8a0d5637ee77c9cc0bb058bd2a1b09bb2c4,1,1,3,1,4
0x6f2c4676f8750e4d5751ba72af21fbd33f325444,1,1,3,1,4
0x7284c43a849985cc59c777b16fc040bfb4ffe0e1,1,1,3,1,4
0x72b293417c86d21493f9a7b487eac2145fc08286,1,3,3,3,6
0x72b4ba37ddfb5e9cda5ba8b4176212d11de9f7f7,1,6,3,6,9
0x7367772422348626242bb837a35a0224e5d96c6a,1,1,3,1,4
0x736f1636cc4e86fcc20f00176c4081bd6fd4b063,1,2,3,2,5
0x74e66a000b14212a2baeec9edabf1ef4164f9e80,1,1,3,1,4
0x752a21970c7a40ae54031cfae630371396463d86,1,1,3,1,4
0x756331e79e4ea0121b47e585adcaf43d5470c69c,1,0,3,0,3
0x77a9e40c0b0033af3e2a7dc9344327bb91459a5f,1,4,3,4,7
0x77fabb24d656cc08153309ca9fd9e9c41c6c2005,1,2,3,2,5
0x7947d3a0a678f93a9ddb47a4153fcaa6c510a9f1,1,2,3,2,5
0x79e494897199664726a8e9b6a7be3b49a42e0fca,1,0,3,0,3
0x79f095c916abf6861333939b44453d1f4db4134c,1,1,3,1,4
0x7a15eb68c1e3cf8d1e40836d94aca93a8afc3255,1,1,3,1,4
0x7a558a236dc92f5fdfc3d9b14b8bb0ad6912d938,1,1,3,1,4
0x7baae4eab0e08ebb47f0b39acd77e390d4f321cf,1,14,3,14,17
0x7bb3bc8164885d8d8f287e9336b0450b8683db4c,1,1,3,1,4
0x7c4d298ff07153bc7a47dee05b9dfd61e35ef342,1,2,3,2,5
0x7c945b48b0bbb207577f1d4e183b8fda377483da,1,1,3,1,4
0x7e8cae716323bc5b2af2544294c2406022987109,1,1,3,1,4
0x7f4fa5aaf3fba7d550aca8e9e54322ee16a45dd4,1,1,3,1,4
0x7fc0df2a76fc423c3d150d603292fabd06d5f782,1,1,3,1,4
0x805885d850982092334859b05a8a1c4b08c087d2,1,0,3,0,3
0x81264cec072b413fecd31b34e141ee0d86ca43d1,1,1,3,1,4
0x84123d32f75647d149d62fa043b1bdb86f8e62cc,1,1,3,1,4
0x8434205c1909c8b7ed0d225043bc114d86582ab0,1,1,3,1,4
0x854cc995542e05c7bea57034e2b2e88d509d9431,1,1,3,1,4
0x8561b3b0f51688fbcca21de811c5c1c62407a78c,1,10,3,10,13
0x87724f88f2220b1b7eb7434b0395b51927c51049,1,1,3,1,4
0x887fbfda92c658756de4954332256790760f662e,1,2,3,2,5
0x88c787039ef11b56a2961f9358071c09eb1628f4,1,0,3,0,3
0x896b2797442e7066f2e46959a0b32398999fcc0d,1,2,3,2,5
0x8a5e0a140fd2bd671efeeabca0229a8527ec8bb7,1,1,3,1,4
0x8dceb0f2ce1844af252ee9ce3a9d84b738d3d9b6,1,1,3,1,4
0x8ed4f5823104c7c0566446c962475d55be7f8ba5,1,2,3,2,5
0x8f50d2652128969c76bf4c06bdb519ef95757308,1,1,3,1,4
0x8fa0c4e67e8939e3b15d7800674fa79c80ad8439,1,1,3,1,4
0x911d7f579c9ac29c39fde217a08096407cda3f4d,1,1,3,1,4
0x921d16b13fe619e4510c082892b3871f3c85498c,1,4,3,4,7
0x9416be96011d6c675164c37be2743128850e8a29,1,1,3,1,4
0x952be5d51faccf85b9333c86890a48792b0da94f,1,1,3,1,4
0x953a5483fda90a8c3abce1c5fb9a09992feddbc2,1,1,3,1,4
0x9541738f4adbc711a3a7d8689cff272e4e093929,1,2,3,2,5
0x95d41776812c6ca222dd5fdea56c065b55ff7655,1,8,3,8,11
0x961b47ee67fa9aa8c916d0d7a61c5bbeef8a018c,1,2,3,2,5
0x963572ba464dde8f437e19b6110bc38d5dc00c21,1,1,3,1,4
0x96463e29607f0f400dec7905b375f07ac7e24cb7,1,1,3,1,4
0x9750a6f0a1220a09b122e267d6484bc1f0e8f798,1,2,3,2,5
0x97eca0877de97901bfc610009ee78693e0bdcf00,1,1,3,1,4
0x9a06d523fea656b41d9fbbdd0330126861a02998,1,3,3,3,6
0x9aaa8574d19480427696f2290ada5e958675ad50,1,1,3,1,4
0x9ccae0a840577e304788ab54c5050b80a1e35398,1,3,3,3,6
0x9d2aa2571da4fb680ecced0f18192a90d9757952,1,2,3,2,5
0x9de86893337fb6750f847bb36cb7f095ade76dab,1,2,3,2,5
0x9de91fc2ea41a6a51237aafcf85c840a4ebae812,1,1,3,1,4
0x9e3ce07db3be079218c3601411354ef65eaa692d,1,2,3,2,5
0x9ea942a06b1da42dd329f3999e58024b56f1406b,1,1,3,1,4
0x9f6f33149fcb1a24de8054b35c90ebfb9ab4b132,1,2,3,2,5
0x9fa83ddc747c7c359efc2c4a653f25430ed09ea6,1,2,3,2,5
0xa142e37a93f0762ba14224eaaa42ffee6e02a616,1,1,3,1,4
0xa27121d3095d21e5ad014ef51ad7fdcee186b63a,1,1,3,1,4
0xa3014d7a4cfff47acb12e7d845e7c447ea93ceb2,1,2,3,2,5
0xa320daa989ae8d6d7813340697f4f9e75f5b78e8,1,1,3,1,4
0xa328f6def7ffde8500ff00adadb6e01b2ccaeec3,1,1,3,1,4
0xa33f60375931ca2dc38596a26e66e26526dcc4c9,1,3,3,3,6
0xa38329064572b18d6bc7bdfbfc8c18d9f6fb9ae0,1,1,3,1,4
0xa3d506ea0aea630730332b61b4dd057ca7c6b159,1,2,3,2,5
0xa475e146eaf8803f7afe18386a6ba11e5fa90461,1,1,3,1,4
0xa4f9d02cd829ba1581cf1a6dd4f914ee9d534892,1,4,3,4,7
0xa74aaa7d063bf8c9f316fceb93f63be2602941ad,1,1,3,1,4
0xa7b452e57de8a705a23c33001f90e4adf9004a90,1,2,3,2,5
0xaa13c48c6f4d0c513e97da74dcdfc19da07b9b9d,1,1,3,1,4
0xabd29e9f206b20148e03f95c31c5f3139c0e9999,1,1,3,1,4
0xac7e496cab7166be2a60d36e06b029608800f3e5,1,1,3,1,4
0xad2cabb2a4cbd74b2d0167138474c1a6f475b0f5,1,7,3,7,10
0xaeb09ed3407a354f1a63e82953a26fe8f2fcc261,1,2,3,2,5
0xaef683a94e57b290cb6c7af235b0fe017e80c238,1,1,3,1,4
0xb1308ce27755c8c05a46e52b9aa7ff33e04e06d1,1,0,3,0,3
0xb45fcf6e1dab1f15a21449d75f00eef34fa7cb5e,1,1,3,1,4
0xb46bf163c3b7de6b80270ece9012a276863842f0,1,1,3,1,4
0xb4f1f817809586d98c63886ec8d4d635185fa5d9,1,4,3,4,7
0xb555daca54d54163865897fa02917ed2f1820f21,1,1,3,1,4
0xb5d57bb186b0e670d8e083ac11d29ebc3a851bea,1,1,3,1,4
0xb626bf8fde033a575356bb7f757f0833e5ada8d2,1,2,3,2,5
0xb62d4d6609679c94b39b5c319b041d385ed70bd3,1,2,3,2,5
0xb64e3f44ccb7e2c28956b8f975cd463de426d46a,1,1,3,1,4
0xb75d61a55fd7e3bfc161f904763479856d267540,1,1,3,1,4
0xb7b7398181d94540a74df7ba351ca6088d9c5225,1,1,3,1,4
0xb8afd6a452a3459f70c0de50a81615e163402b02,1,2,3,2,5
0xb8f1ba7e145e33c0e7fda17e7d078c096a9d1584,1,1,3,1,4
0xb976dfede0be9ae7af7cbd99254dd093f0a3e50f,1,1,3,1,4
0xb98519eb872d973b95c5c90b44e48759654a6666,1,1,3,1,4
0xba97282d71d3c5b73fd23ec3fb8514aa092004d4,1,1,3,1,4
0xbb965d3301ca08a9f9eadb86a93cc18a08c4293f,1,1,3,1,4
0xbb9a9644dbb8952a0ad03f7ce7671c07f5643bb3,1,2,3,2,5
0xbc6cbc95d86a6a9537375640fbc0cf0db8024268,1,6,3,6,9
0xbcc24929108278944aa180ff8322b900356f7701,1,34,3,34,37
0xbcddd321c83de95cb62b619409cbef39a5c1a267,1,4,3,4,7
0xbd36dcf15db0a9449ec5ccc997df1c756fc16ac5,1,3,3,3,6
0xbd61b0a020bc61ed9fa8b4f7454bcde0d1ad4cd5,1,1,3,1,4
0xbdd4c6b3c82c5b0e153739d514b23f10b6d68a37,1,2,3,2,5
0xbf3aae135034452987490d6587b42704e617cf79,1,2,3,2,5
0xbf3bbfb0cf0151b292f04531e26ea2d3ffb1e150,1,1,3,1,4
0xbf6d8b985634485218cd1fcc651144df4bd593e3,1,1,3,1,4
0xc15d6e60323bd35c4b41d6ef8a42a60b52058576,1,1,3,1,4
0xc167f6f6cb2c684eb4c46179623f23d82e9fd654,1,7,3,7,10
0xc173cbf586bfcfdb4b01073c45908029ec6d064a,1,0,3,0,3
0xc1e52555b146832e7b9bf5795b1cb3f4344f8431,1,1,3,1,4
0xc25462b9375ab11cd0399eb9eb6f833a4363e14a,1,1,3,1,4
0xc2a97337c656a0d9f09de7b44db772582098efd6,1,1,3,1,4
0xc3cccb69981db01e03b22d1f6b29f2e3fad46033,1,1,3,1,4
0xc7f1ad366fbd25016970facb9fb27992c44ccf36,1,1,3,1,4
0xc834cc07d26934091c0a634213c7632f2be58345,1,1,3,1,4
0xc88dc3f2cf41d0e25df58f40ca58a54b4105d3e3,1,1,3,1,4
0xc8e66291fc15b6392d56ac2ef3db3ce4fd8c070a,1,2,3,2,5
0xc8ed52097b4bdff2073752c2d729a07c775999a9,1,1,3,1,4
0xc960517dee7a3fc8b1f28481fd82756023d3470d,1,2,3,2,5
0xc9914b30ec2bea3d567d70c3a99f845e91e17346,1,0,3,0,3
0xca07a6f0e85b354646d6a21ab909466cdfb6a27a,1,2,3,2,5
0xcb47222497c87a75b211d333a25c7e7cc8abfc90,1,2,3,2,5
0xcb6e4964789f9e3f658a8778e4164baf30690a4b,1,1,3,1,4
0xcb70aa1b424a0ed377945d5fa5d22a2956270163,1,1,3,1,4
0xccb80763b932d03a6c5f0c4877f54b9992cb9ed4,1,0,3,0,3
0xce603e5eeee3195fd6773fb02bf97bc4e43649aa,1,1,3,1,4
0xcee77a83af12e8e28ee4bcd3bf3974f930e749d5,1,1,3,1,4
0xcf10ce2d365b4a29c3052ecf3486d39b5b99a249,1,1,3,1,4
0xd29869f86cc751ca25a5a3e8cbb1c47501201737,1,1,3,1,4
0xd3b7df4d1132c32332cd2003896d35474d128123,1,1,3,1,4
0xd3e909d154ce9641a00d6b90ff11f6d1a8e21ba9,1,1,3,1,4
0xd69c6ea26974db7b121548f511d8008266466f9e,1,1,3,1,4
0xd722dd9ce0087e12f529dc37ddbad40a24059bec,1,1,3,1,4
0xd724025aeffce1821a4c39d621d91cbe27d5251a,1,1,3,1,4
0xd91679a0e0345df7f730daffcdc04b4272488c12,1,2,3,2,5
0xd948389216be7e837c317a2fe3e0c2e5d143b978,1,4,3,4,7
0xd94f7d245b7cdbd5299a567ba212493f3afd600f,1,1,3,1,4
0xd96d9632e578cbd985674a93224da24275c174a7,1,0,3,0,3
0xd97326a35130d5e8c8480b6b1e509dddbd752e9d,1,1,3,1,4
0xd9f735e64919d2cb0e4abc384a4bb4d3bbfc3ecb,1,1,3,1,4
0xdc18dab67705094e0715e5b89f76c3cd12bd7f26,1,1,3,1,4
0xdd0b5a266e13bbea36212575129480d787b7105f,1,1,3,1,4
0xdd9e75f14f0bc441ca3cacf5eada8d46d9d53174,1,5,3,5,8
0xdf069da14f40c19961c20b284dc2210c6f1113fc,1,1,3,1,4
0xdf214988b8f13d87d1acebe96ced5c7a79e6bd4c,1,1,3,1,4
0xdfc19dd5f80048df12d7a71cb01226f8ce24a954,1,34,3,34,37
0xe02e855c6cc8dbd3a79c0f7e93a4f8f73a2601cf,1,2,3,2,5
0xe309c6b8e5af174632ddd2afcb19b5f457c2cf6d,1,3,3,3,6
0xe3b84986472f7fea21e7f7b447456160b304d2ed,1,1,3,1,4
0xe46dd62ecb9b9bd5ffc545e8826fc5ff18eab8f2,1,0,3,0,3
0xe6d7d39bb941a6d677d7927d2a4ef23e97546617,1,10,3,10,13
0xe73e03a5765036bec6b6d7d848a7b8d366354fe9,1,1,3,1,4
0xe77a035621f29a1501735aa05fb308671e7a243e,1,6,3,6,9
0xe786b4e761a032f4cea9b0a11ed36e5ae6b48c79,1,1,3,1,4
0xe86174ea7e5f8065708e8b50c62780a938011389,1,1,3,1,4
0xe9386a38d2279dfa3b39a85f23fff3c203cebaac,1,5,3,5,8
0xea60193bdb97df613fbd0ddd439168631ac228c4,1,2,3,2,5
0xeaaf049c385b33f20a472ad24046f4212868d055,1,1,3,1,4
0xeb3932000ddaf62f3ce4e0dc143ed2c31eb91943,1,1,3,1,4
0xec823eaffa4584f482a0d9c3e634840d14066242,1,35,3,35,38
0xee7a7d85336aa5f6da385de1547c7381719d9d08,1,1,3,1,4
0xf0b71a9e7f7d2f521c29dfe3f9a9c48264eb9892,1,3,3,3,6
0xf10ed040f182511ef2179adea749920881a4eef9,1,34,3,34,37
0xf26dc4b22cd8227e45b81cd5f0105d9c7f058bdd,1,4,3,4,7
0xf2f5da9a4bc63f9aa77ac67f8ca2700e8218deb1,1,1,3,1,4
0xf33b608f45aa8fcd8747ec018f9ab4691a13a5c6,1,1,3,1,4
0xf408d17df0187b90d33fdff1e604f08fc74a0c00,1,1,3,1,4
0xf56ba8755d9798559f722a089eb4f3f17b2f4fbb,1,3,3,3,6
0xf7e5f33025ab4be12fb1d4da61f846037fe0d00a,1,3,3,3,6
0xf81a48410c448b1d587be9bbb3b23938e9f4bfd4,1,3,3,3,6
0xf83f18492494ae2e873b0cd01633acbf75a4aec4,1,3,3,3,6
0xf8baf2541defab76f2c344ff10cd6d4ef74d3432,1,1,3,1,4
0xf9102e3b05eb6f26c300df9e21bdd3f3b40d329b,1,1,3,1,4
0xf98e56b9a2ccd8e9bd3e8f7e39399e53c9c4c01c,1,1,3,1,4
0xf9e9d488adc848fefc5eff30d450fb60922c9e28,1,4,3,4,7
0xfa7831f7b115471251d6b0f05e3c80ac4c75e4ab,1,1,3,1,4
0xfabfcbbd8d9312addcc207aa2f7274f95953f2fb,1,1,3,1,4
0xfb0522ac77cf4080aa021beab120092dd5d1cef2,1,0,3,0,3
0xfbbf2d37564e949e77efebca7ac6d6a052f99dd7,1,4,3,4,7
0xfc06e982f014e816adfecbb19dcce03b2a51928b,1,1,3,1,4
0xfcb341e284bfbd8a466172e83b79fdf70a8490e8,1,4,3,4,7
0xfd92896f2be8a3f6bab06ac4cb9542627f0fead4,1,3,3,3,6
0xfdcfb6e689a9c021f9d74a519fccf80718398c5e,1,1,3,1,4
0xfe2fdb1172a70e6ef2d3b973685d74c5a6be7e59,1,1,3,1,4
0xfe5050651b622f56e8931d172615b01e1065527d,1,1,3,1,4
0xfe60d30b5012c90556b9a22e17cf4824aae49c97,1,1,3,1,4
0xfe901b94b4768acff49e707e0003a7674816e840,1,1,3,1,4
0xfeba21dfac0cc0738a1c8e4492b294a4e6cfb688,1,1,3,1,4
0xff8955f1afb9024af9139ec6f9249e9636daa2a6,1,1,3,1,4
0xffe9309a3c8eb35c587130b9d5d1baf60eafb61b,1,1,3,1,4
0x0258497dd1ef35626e62ba9ebea716013a857e53,2,2,2,2,4
0x03f221173515a5f694cc6e6a9a5d2679d2f2c06e,2,1,2,1,3
0x0856bfbea9a7f397438a1db6bb68ed70b7c8a451,2,1,2,1,3
0x0e25dff76ab5e0cadb69eef99b600bac12d725cf,2,1,2,1,3
0x0e9beee0eebd1e1b1e49e2d6011cfd0b59bb79c3,2,0,2,0,2
0x0ebb6072941a3cc487b84f03c8fa1bbee4be55ac,2,0,2,0,2
0x11f33f8d3efdbf6fd552fb7c4dd56b82dabe8b14,2,1,2,1,3
0x1518b126fc0ac13c17675e1501629f9887e39514,2,1,2,1,3
0x15948209fb8f0946b9feb72ea509760a3ae23cb1,2,0,2,0,2
0x1712194eab575e569ae4d6b6f16046ca5efe3a6a,2,1,2,1,3
0x18e7f1f323d2ae611cc7389f332eb3c1dfd610ba,2,0,2,0,2
0x1bec415123333c796008c78eb0b8cc6bdc447d6b,2,0,2,0,2
0x1cc533c9bdc845ac3f6209ec8e7e51d3a86cbefe,2,1,2,1,3
0x1cdf73414e7e7463e1cbd9886177ddcbc064ea9e,2,0,2,0,2
0x20ee15f4f2fce1c0c909b728f7b3f26e4173eb9c,2,1,2,1,3
0x21b056c93e9754be6449dd7b8baa1a75f67aeaaa,2,0,2,0,2
0x23a4da1382460640303d27c4daaa0bcbb403ca47,2,1,2,1,3
0x2791c7169d9d930703a4a16ce1c467539946d847,2,0,2,0,2
0x27bba99469653f80efd8e3d23ba224d8db1e0851,2,2,2,2,4
0x283498f3d350d6db0417647d46ec53e25275502a,2,0,2,0,2
0x2b3ccb55a404c0e99add7e3041f76883e22e5e72,2,1,2,1,3
0x2c1f4df355e7d244b860621b4f428ad1fd975bb0,2,1,2,1,3
0x2c7956fb5fa79ba7db5ad2f3b1c36ef79e9338b9,2,1,2,1,3
0x2d94f62d707e1e11ac3362b4a8883f9b513500e6,2,1,2,1,3
0x2eaf07b7eec52076535d301fd889afd6fa92e45b,2,0,2,0,2
0x320b9017d6d6b29361b6fd3fefba363b360c4a23,2,1,2,1,3
0x34389a1cea6513641699ce33f570032e9265967c,2,3,2,3,5
0x3449b3348fd092042d8fd88717217f10cf1c4429,2,1,2,1,3
0x360afdbdbcf0188124e0b6e0e5ad197c00bef7b1,2,1,2,1,3
0x365132e4eb79a6a6a29f062deb8f05bff92d5ffb,2,1,2,1,3
0x37afb9f9d96ad1efee5b35e1c85e17d668753448,2,1,2,1,3
0x37b28c48febd71b7d73ca907770523089a09a427,2,2,2,2,4
0x397cbad116eb6a9621a5b1157a643b1fe1f85dfc,2,1,2,1,3
0x3d04e13e4b049915b45540287a3247ffad08a5a6,2,2,2,2,4
0x3d0de3a76cd9f856664dc5a3adfd4056e45da9ed,2,1,2,1,3
0x40ea55e0b8f02f8ebc9d91e082e202ed988647fa,1,1,3,1,4
0x41ccd7cfe46ede6ecf0a841c9a7afcd7599c254a,2,1,2,1,3
0x450f6430e63c7407b264d11bc9d514d972eb54a6,2,1,2,1,3
0x4bdedf94e6327ce8264ddeb272d065b7b794771f,2,0,2,0,2
0x4c18b5d28f7445a9e0602d38ec2cb34ecac20e65,2,1,2,1,3
0x4c3c7bba317d83317bcc861714b74dccefac0d15,2,1,2,1,3
0x4d621fbebf432b2681f03125010d1a463088604a,2,1,2,1,3
0x4fd83ca2ecfd69a37f8c6c4d88377d861f60190b,2,1,2,1,3
0x530ec7e0de91c1f71eb7cd33229175a1b70d646f,2,2,2,2,4
0x56466a6ea6d50781590d361457364edb1a303a5a,2,1,2,1,3
0x58b8501d951d11bd7875ec830a9935384b215acd,2,0,2,0,2
0x58fd1b66d17d0764a236a2b94df11323826350b7,2,0,2,0,2
0x5935ba4be0d2abe85f5d8fbeb89325ef281f12fc,2,1,2,1,3
0x59c1bd6c122c6615ece5e02bbdc04b87b10d81a1,2,2,2,2,4
0x5befa7184a3e6e6579fd6e3d62eef29227c1d881,2,1,2,1,3
0x5d28f42a1ed7680ae22f1afb05f787b594f5cf3a,2,1,2,1,3
0x5de0c18ad34e2895aa6b7088e4e42305909d409d,2,0,2,0,2
0x5e2c902bbbd4e3f743940d14b36706a9bae7e0b4,2,1,2,1,3
0x6098753feaf8427ee5d30dccbdd94b74a16f3b71,2,1,2,1,3
0x6277cc43c7bc76cddd5f6d59b12d713d9e4b835d,2,1,2,1,3
0x65a9eaac945e1fbe5eb665ac064636f463508dd1,2,1,2,1,3
0x66dece519efafd028ad350f73fb77591a5d5edda,2,1,2,1,3
0x696fca6aa249d4ea35b69840ab23c4d2d273f756,2,1,2,1,3
0x6b0ea98a38fbd26eb10f76fa9ac4101578fc33f0,2,1,2,1,3
0x6b100d45afa078f5baba7849562780896b051cc6,2,0,2,0,2
0x6d30a53fb02776e06aef8382acd6827c94f044e4,2,0,2,0,2
0x6e941494dcbc9f1ae1cb2c45ad8b92e19d84ce72,2,1,2,1,3
0x6ec93150e5d2f0c38f5dc5cce19de8dc850c4501,2,1,2,1,3
0x721fb1502510029ded284897c5ab2a8fbd68d668,2,1,2,1,3
0x7515fa96acafeaaa827303acd2a5c5d1c885023c,2,1,2,1,3
0x792edb670693216b52d9d558c1b40ae93d607056,2,1,2,1,3
0x7a94342fc568e6e057c082765b81f4e3f16640d7,2,2,2,2,4
0x7e5abaa2d0b0db422e001bb1ca31754628dd10c9,2,2,2,2,4
0x7f6d50b20f80b8b83be549c0bf035f83dd3c4cd2,2,1,2,1,3
0x8111aad3b7e46d3d2531474c7ecba68177d1a5f5,2,1,2,1,3
0x8387d9a00976b07ebc3d0eb029ef833a405c2ca8,2,4,2,4,6
0x858817885f4dd1de034d2cc7b9fcf1e87899d109,2,1,2,1,3
0x861641d9b67046c7d6e25f5cf378077896553ffd,2,1,2,1,3
0x868d2ad6807557594a9a3bc1a6df3249747162e5,2,0,2,0,2
0x8a25b453a19a730d30c1a5407c4b31d3b11ec194,2,2,2,2,4
0x9049e81255585e6b7f2180c57fbde81cd61ec77e,2,1,2,1,3
0x9201494bd4bd4f3d064529783a8349f3f2d29372,2,1,2,1,3
0x92e257a98cd2829298ed4f4b4119ded127bf4f6b,2,1,2,1,3
0x93a4d3d4454644a3df432d196999424283420cd0,2,1,2,1,3
0x94c638baee3aec5b09b8046cb8d8fbabfe628684,2,1,2,1,3
0x9986873e5bb99141fb49b30c55bc14f22c0d9e65,2,1,2,1,3
0x9ae293893f19e12e1a56faa179680e0e652ec63a,2,1,2,1,3
0x9b65a3fe1b29612f8ca2f11c5c3b58739b09a882,2,0,2,0,2
0x9e54d103b00aecb003459bea82475dbfc370fddf,2,1,2,1,3
0xa115cd20434a5f65d62b028bc28b897477b60d88,2,1,2,1,3
0xa1ece224be27c895dffe0db939615e0420982455,2,2,2,2,4
0xa36fbe6b4093535f488e13e38f83378103c484f7,2,1,2,1,3
0xa5e939fc958145a01d5a71bff4cfecd29a66fad7,2,1,2,1,3
0xa66db1785e461e759ba3040e5332547413c21d3e,2,2,2,2,4
0xa799cc23203fe80b8d371337670840cd57675fca,2,0,2,0,2
0xa82bb5309b66a951bbc05c3ae287e9c7b16a8163,2,0,2,0,2
0xa8cc55036843da11cf4588c42391d705f6d1dfc8,2,1,2,1,3
0xa9ee4d72dd6081668e8b30649e9e095fca00ab9f,2,1,2,1,3
0xac97948117caa2493282f2b480e56519d690ffd3,2,0,2,0,2
0xacefef5ed13c2d4d0f38970e5c15b926a9cbcc70,2,1,2,1,3
0xad3c6d40dcb9dd71ee6d8ad4746b25398027ee21,2,1,2,1,3
0xad4aa319366ccbab19bb09f4a518a0babfecbe43,2,1,2,1,3
0xaebab3d721d8e6427952961fbdc1d0b8b740cd91,2,1,2,1,3
0xaf9a1b73db97a0ff2c5c5e5527c25aad0e09a3e2,2,0,2,0,2
0xafb4bce970b77222a74d240294bd67216114b8eb,2,1,2,1,3
0xb0e06add73ddd276d731f5419ebaf81d6615b14e,2,1,2,1,3
0xb2eb4f13a0b4cb237cdb809353d17ea90ba8a418,2,1,2,1,3
0xb42eebd415e254043f3631d8faa83956c1fbdf42,2,1,2,1,3
0xb4dff2c9b4db343ed94fb9bf4788bcbd59d101b7,2,1,2,1,3
0xb8898bb87b07bac7ba9c2268e6d0640d5a208a7a,2,0,2,0,2
0xb9537a30016dd2abd6791b2d64cc4258237d228c,2,1,2,1,3
0xb9b94a138a4b3cf982dfbf8685b6652fda5051b4,2,1,2,1,3
0xba502f2993559fb55e0e8db511c6e5d72d5d6156,2,1,2,1,3
0xbbf33aeeaa5a68cece77c01d2b4eacd4d685136a,2,1,2,1,3
0xbd7477006daa466d15d0b13f614e84c1e5def06a,2,1,2,1,3
0xc35b0b63fbbabbe889fd9f22aa6ec0fba6961dd0,2,1,2,1,3
0xc4247f76064b7a4990f1f7566f4940d61d882eaa,2,1,2,1,3
0xc4ff8c7433c14b3f4122deae8a6a9abe24ab950e,2,2,2,2,4
0xc6507b7dfae484aaa78fe8627280a5dd28dca7db,2,6,2,6,8
0xc84839229a27b288c94323141a69ea5b5560de7c,2,1,2,1,3
0xc980c64971aa070ffe2074ed8e611eedbac1c9f9,2,2,2,2,4
0xcaaefc94b2b0ef00e0502d02bb6343d20733c3f5,2,0,2,0,2
0xcb33c029aa1dbaf1743f4a4fe84d88336eedec98,2,1,2,1,3
0xcd90574bc2ef39bcebbc5561c1c9d8e42110c239,2,1,2,1,3
0xd55a1ca7d9843c6c507a1d5521cecf865ef2b02b,2,1,2,1,3
0xd6d22bdbad8fcb8cbf6d29b9bf948dedd8e8bd9d,2,3,2,3,5
0xd77f7cb0a3ae45eb3e5a05e50ff41ac0f1d170de,2,1,2,1,3
0xd7ade327695d06a1d34f8eee0b7d0dd61d6741fe,2,0,2,0,2
0xd7bf06801cb5d3467063dc595b1dca2fbe4f3857,2,2,2,2,4
0xd8889a2b6e87f7d7c01cfd8417b1655324894687,2,0,2,0,2
0xda11c7475da3d28bc7f041851e640ff88d00e9b5,2,2,2,2,4
0xdcba3f2d2447e0b3e4c26bcecf938f2f07d6b6a7,2,1,2,1,3
0xe1da9e3ea9efc074ebffd4d2bed209b370705188,2,2,2,2,4
0xe2542f84b3228d69347e6e4c959fe0efb6ca1950,2,1,2,1,3
0xe312d20a235cbbbdef73b2ea4004bbbc6e74fc33,2,1,2,1,3
0xe475ee006cf97bdce8275cb70319384ed59593cb,2,5,2,5,7
0xe4a45f74967f75dccd6947a9dfe25333727a4737,2,0,2,0,2
0xe6cf807e4b2a640dfe03ff06fa6ab32c334c7df4,2,2,2,2,4
0xed4c57fcd429240eb2190627f2971ec80d58bbfe,2,1,2,1,3
0xf12db46c295821ae4a0cff95cd0691544c8b3009,2,0,2,0,2
0xf27732351024f7d9a9da128311e13bfa183bde8e,2,1,2,1,3
0xf29a037bb8c50bede78acaf5e6df9810865b330d,2,1,2,1,3
0xf48a18e24c2399e409130e4d45ff7a9ab4456571,2,0,2,0,2
0xf5ede9501e8827ff9dc13a83dc967f9b7bef4024,2,1,2,1,3
0xf695ed18ab6dcd088ef3118facde6ea1ff7d42a9,2,1,2,1,3
0xf9fdbed64ced4e052cacb3c06507c34750843175,2,1,2,1,3
0x0c3ba44707314e6801413e7ab80c5122663cff7c,3,1,0,1,1
0x5b76dd6d1506658eb25652a61854ded918463c28,3,1,0,1,1
0x780b6b1a935e52b41fe895236073d254f189f3dd,3,1,0,1,1
0x82fefda5eb48d65862ad79e005196eec78248155,3,1,0,1,1
0xb2cfb77c35a0574a418f01380036e80254d77e6e,3,1,0,1,1